{"accuracy": [0.9632782936096191, 0.9736888408660889, 0.9765338897705078, 0.9778825640678406, 0.9787468910217285, 0.9792473316192627, 0.9799017906188965, 0.9802892804145813, 0.9805587530136108, 0.9807636737823486, 0.9809350371360779, 0.9813609719276428, 0.9816167950630188, 0.981784462928772, 0.9821147918701172, 0.9826239943504333, 0.9832125902175903, 0.9836981892585754, 0.984150230884552, 0.9852591753005981, 0.9866165518760681, 0.9878074526786804, 0.9896218180656433, 0.9909394383430481, 0.9911269545555115, 0.9922545552253723, 0.991845965385437, 0.9918931722640991, 0.9925314784049988, 0.9924296736717224], "cross entropy": [0.10127872228622437, 0.06346265971660614, 0.0550762340426445, 0.05157563462853432, 0.04896192252635956, 0.047271884977817535, 0.045842353254556656, 0.04493040591478348, 0.0444469153881073, 0.043404579162597656, 0.042983803898096085, 0.04236718639731407, 0.04187506064772606, 0.04139144346117973, 0.040453992784023285, 0.03972727432847023, 0.03948245942592621, 0.037706755101680756, 0.03688822686672211, 0.0351451113820076, 0.03526569902896881, 0.031000668182969093, 0.029117409139871597, 0.02467522956430912, 0.023907238617539406, 0.020860644057393074, 0.02228177897632122, 0.022185994312167168, 0.019826840609312057, 0.020388765260577202], "loss": [0.11476319283246994, 0.06346265971660614, 0.0550762340426445, 0.05157563462853432, 0.04896192252635956, 0.047271884977817535, 0.045842353254556656, 0.04493040591478348, 0.0444469153881073, 0.043404579162597656, 0.042983803898096085, 0.04236718639731407, 0.04187506064772606, 0.04139144346117973, 0.040453992784023285, 0.03972727432847023, 0.03948245942592621, 0.037706755101680756, 0.03688822686672211, 0.0351451113820076, 0.03526569902896881, 0.031000668182969093, 0.029117409139871597, 0.02467522956430912, 0.023907238617539406, 0.020860644057393074, 0.02228177897632122, 0.022185994312167168, 0.019826840609312057, 0.020388765260577202], "val_accuracy": [0.9728509187698364, 0.9784725904464722, 0.9816653728485107, 0.9839436411857605, 0.9812979698181152, 0.9814935922622681, 0.9817763566970825, 0.982474148273468, 0.9825587272644043, 0.9829208254814148, 0.9841815233230591, 0.982667088508606, 0.9843136668205261, 0.9849532842636108, 0.9857382774353027, 0.9864439368247986, 0.9881619215011597, 0.9867584705352783, 0.986792802810669, 0.9915634989738464, 0.9935985803604126, 0.9940664172172546, 0.995007336139679, 0.9954672455787659, 0.9953879117965698, 0.9953641295433044, 0.9959297776222229, 0.9961861371994019, 0.9966195821762085, 0.9961755275726318], "val_cross entropy": [0.05188600718975067, 0.041830092668533325, 0.03705183044075966, 0.03445053845643997, 0.034653205424547195, 0.03483620285987854, 0.0338217057287693, 0.03340793401002884, 0.03325122967362404, 0.03205044940114021, 0.03199054300785065, 0.032387394458055496, 0.031555525958538055, 0.0316048339009285, 0.030958227813243866, 0.030726233497262, 0.029684051871299744, 0.030861297622323036, 0.02866476960480213, 0.02413623034954071, 0.0213021170347929, 0.018978320062160492, 0.018547844141721725, 0.01666669361293316, 0.013581400737166405, 0.013634879142045975, 0.015212484635412693, 0.013930350542068481, 0.01146233081817627, 0.013547024689614773], "val_loss": [0.05188600718975067, 0.041830092668533325, 0.03705183044075966, 0.03445053845643997, 0.034653205424547195, 0.03483620285987854, 0.0338217057287693, 0.03340793401002884, 0.03325122967362404, 0.03205044940114021, 0.03199054300785065, 0.032387394458055496, 0.031555525958538055, 0.0316048339009285, 0.030958227813243866, 0.030726233497262, 0.029684051871299744, 0.030861297622323036, 0.02866476960480213, 0.02413623034954071, 0.0213021170347929, 0.018978320062160492, 0.018547844141721725, 0.01666669361293316, 0.013581400737166405, 0.013634879142045975, 0.015212484635412693, 0.013930350542068481, 0.01146233081817627, 0.013547024689614773]}