{"BENIGN": {"precision": 0.9993816871018018, "recall": 0.9971094405861253, "f1-score": 0.9982442707993423, "support": 314472.0}, "DoS Hulk": {"precision": 0.9847055242733221, "recall": 0.9982643576194701, "f1-score": 0.9914385857386374, "support": 25927.0}, "PortScan": {"precision": 0.9887362837003125, "recall": 0.9987521104015268, "f1-score": 0.9937189599766287, "support": 13623.0}, "DDoS": {"precision": 0.9996875325486928, "recall": 0.9996875325486928, "f1-score": 0.9996875325486928, "support": 19202.0}, "FTP-Patator": {"precision": 0.9954853273137697, "recall": 0.9910112359550561, "f1-score": 0.9932432432432432, "support": 890.0}, "DoS GoldenEye": {"precision": 0.9934725848563969, "recall": 0.9863901490602722, "f1-score": 0.9899186991869918, "support": 1543.0}, "DoS slowloris": {"precision": 0.9826732673267327, "recall": 0.9838909541511772, "f1-score": 0.98328173374613, "support": 807.0}, "Bot": {"precision": 0.5552238805970149, "recall": 0.6348122866894198, "f1-score": 0.5923566878980892, "support": 293.0}, "SSH-Patator": {"precision": 0.9764453961456103, "recall": 0.9440993788819876, "f1-score": 0.96, "support": 483.0}, "Web Attack - XSS": {"precision": 0.2892561983471074, "recall": 0.35714285714285715, "f1-score": 0.319634703196347, "support": 98.0}, "Web Attack - Brute Force": {"precision": 0.5548172757475083, "recall": 0.755656108597285, "f1-score": 0.6398467432950191, "support": 221.0}, "DoS Slowhttptest": {"precision": 0.8877434135166093, "recall": 0.9885204081632653, "f1-score": 0.9354254677127338, "support": 784.0}, "Web Attack - Sql Injection": {"precision": 0.09090909090909091, "recall": 0.6666666666666666, "f1-score": 0.16, "support": 3.0}, "Infiltration": {"precision": 1.0, "recall": 0.5, "f1-score": 0.6666666666666666, "support": 6.0}, "Heartbleed": {"precision": 1.0, "recall": 1.0, "f1-score": 1.0, "support": 2.0}, "accuracy": {"precision": 0.9966089958081585, "recall": 0.9966089958081585, "f1-score": 0.9966089958081585, "support": 0.9966089958081585}, "macro avg": {"precision": 0.8199024974922647, "recall": 0.8534668990975868, "f1-score": 0.8148975529339015, "support": 378354.0}, "weighted avg": {"precision": 0.9968839470592044, "recall": 0.9966089958081585, "f1-score": 0.9967202612815128, "support": 378354.0}}