{"accuracy": [0.9608216285705566, 0.9755859375, 0.9785369038581848, 0.9796180725097656, 0.9801592230796814, 0.9806831479072571, 0.9810112714767456, 0.981360137462616, 0.9816675782203674, 0.9819980263710022, 0.9822190999984741, 0.9826416373252869, 0.983106791973114, 0.9837757349014282, 0.9847970604896545, 0.9869385957717896, 0.9888614416122437, 0.9903547763824463, 0.9909005761146545, 0.9911457896232605, 0.9914094805717468, 0.9915372729301453, 0.9918297529220581, 0.9920680522918701, 0.9922546148300171, 0.9923720359802246, 0.9925804138183594, 0.9927117228507996, 0.9929972290992737, 0.9930006861686707], "cross entropy": [0.11557172238826752, 0.0629979819059372, 0.053670335561037064, 0.04934387281537056, 0.048089560121297836, 0.046017929911613464, 0.04564185068011284, 0.04401064291596413, 0.044274039566516876, 0.042703744024038315, 0.042620617896318436, 0.04072345420718193, 0.04077925905585289, 0.03853060305118561, 0.037125203758478165, 0.044995881617069244, 0.029934946447610855, 0.025628238916397095, 0.023357048630714417, 0.023007970303297043, 0.023250985890626907, 0.022211264818906784, 0.021243156865239143, 0.021312452852725983, 0.01990288868546486, 0.020835282281041145, 0.01952405646443367, 0.019771862775087357, 0.01847918890416622, 0.018278198316693306], "loss": [0.11557172238826752, 0.0629979819059372, 0.053670335561037064, 0.04934387281537056, 0.048089560121297836, 0.046017929911613464, 0.04564185068011284, 0.04401064291596413, 0.044274039566516876, 0.042703744024038315, 0.042620617896318436, 0.04072345420718193, 0.04077925905585289, 0.03853060305118561, 0.037125203758478165, 0.044995881617069244, 0.029934946447610855, 0.025628238916397095, 0.023357048630714417, 0.023007970303297043, 0.023250985890626907, 0.022211264818906784, 0.021243156865239143, 0.021312452852725983, 0.01990288868546486, 0.020835282281041145, 0.01952405646443367, 0.019771862775087357, 0.01847918890416622, 0.018278198316693306], "val_accuracy": [0.9758481383323669, 0.9785281419754028, 0.9801932573318481, 0.9806954264640808, 0.9804840087890625, 0.9807853102684021, 0.9811394810676575, 0.981102466583252, 0.9815729260444641, 0.9816944599151611, 0.9815834760665894, 0.9851621389389038, 0.985696017742157, 0.9885557293891907, 0.9876624345779419, 0.9906966090202332, 0.9882015585899353, 0.9946558475494385, 0.9948619604110718, 0.9953799843788147, 0.9950152635574341, 0.9945765137672424, 0.9947404265403748, 0.9946981072425842, 0.9943968057632446, 0.994687557220459, 0.9950575828552246, 0.9947351217269897, 0.9949835538864136, 0.9962257742881775], "val_cross entropy": [0.050470706075429916, 0.044326052069664, 0.0402829647064209, 0.03821362182497978, 0.03995325788855553, 0.03950890526175499, 0.03860084339976311, 0.03707161173224449, 0.037095390260219574, 0.035457391291856766, 0.03445269912481308, 0.03209733963012695, 0.03145994618535042, 0.026888258755207062, 0.02597765624523163, 0.020982570946216583, 0.023313062265515327, 0.0170920230448246, 0.014090721495449543, 0.014179959893226624, 0.016003862023353577, 0.014271408319473267, 0.014956585131585598, 0.015483330003917217, 0.01655069924890995, 0.016670135781168938, 0.013692638836801052, 0.01550536509603262, 0.013350823894143105, 0.011729951947927475], "val_loss": [0.050470706075429916, 0.044326052069664, 0.0402829647064209, 0.03821362182497978, 0.03995325788855553, 0.03950890526175499, 0.03860084339976311, 0.03707161173224449, 0.037095390260219574, 0.035457391291856766, 0.03445269912481308, 0.03209733963012695, 0.03145994618535042, 0.026888258755207062, 0.02597765624523163, 0.020982570946216583, 0.023313062265515327, 0.0170920230448246, 0.014090721495449543, 0.014179959893226624, 0.016003862023353577, 0.014271408319473267, 0.014956585131585598, 0.015483330003917217, 0.01655069924890995, 0.016670135781168938, 0.013692638836801052, 0.01550536509603262, 0.013350823894143105, 0.011729951947927475]}