{"BENIGN": {"precision": 0.9998808376594444, "recall": 0.9200869594237031, "f1-score": 0.9583257814071163, "support": 419506.0}, "DDoS": {"precision": 0.8853791862717962, "recall": 0.999024047470331, "f1-score": 0.9387747615553925, "support": 25616.0}, "DoS Hulk": {"precision": 0.8808832969572474, "recall": 0.9918755601815711, "f1-score": 0.9330903552194962, "support": 34587.0}, "DoS GoldenEye": {"precision": 0.6510814249363868, "recall": 0.9941719281204469, "f1-score": 0.7868537382279455, "support": 2059.0}, "DoS Slowhttptest": {"precision": 0.6800526662277815, "recall": 0.9875717017208413, "f1-score": 0.805458089668616, "support": 1046.0}, "PortScan": {"precision": 0.7309149536477227, "recall": 0.9978539591701976, "f1-score": 0.8437754461066003, "support": 18173.0}, "DoS slowloris": {"precision": 0.7968633308439134, "recall": 0.9907149489322191, "f1-score": 0.8832781456953642, "support": 1077.0}, "FTP-Patator": {"precision": 0.5425678785089738, "recall": 0.9932603201347936, "f1-score": 0.7017857142857142, "support": 1187.0}, "Bot": {"precision": 0.037679483473065434, "recall": 1.0, "f1-score": 0.07262258543833582, "support": 391.0}, "Web Attack - Brute Force": {"precision": 0.07772795216741404, "recall": 0.17687074829931973, "f1-score": 0.10799584631360332, "support": 294.0}, "SSH-Patator": {"precision": 0.382015306122449, "recall": 0.9301242236024845, "f1-score": 0.5415913200723327, "support": 644.0}, "Web Attack - XSS": {"precision": 0.02931152010906612, "recall": 0.9847328244274809, "f1-score": 0.05692850838481906, "support": 131.0}, "Infiltration": {"precision": 0.01597444089456869, "recall": 0.7142857142857143, "f1-score": 0.03125, "support": 7.0}, "Heartbleed": {"precision": 0.6666666666666666, "recall": 1.0, "f1-score": 0.8, "support": 2.0}, "Web Attack - Sql Injection": {"precision": 0.0018832391713747645, "recall": 0.25, "f1-score": 0.003738317757009346, "support": 4.0}, "accuracy": {"precision": 0.9322283069558809, "recall": 0.9322283069558809, "f1-score": 0.9322283069558809, "support": 0.9322283069558809}, "macro avg": {"precision": 0.49192547891052474, "recall": 0.8620381957179402, "f1-score": 0.5643645740088229, "support": 504724.0}, "weighted avg": {"precision": 0.970290631384197, "recall": 0.9322283069558809, "f1-score": 0.947731771061695, "support": 504724.0}}