{"BENIGN": {"precision": 0.9994197686726093, "recall": 0.9968645857182833, "f1-score": 0.998140541917407, "support": 157236.0}, "DDoS": {"precision": 0.999583289926034, "recall": 0.9993750650973857, "f1-score": 0.9994791666666667, "support": 9601.0}, "DoS Hulk": {"precision": 0.9888353597920012, "recall": 0.9975314356244697, "f1-score": 0.9931643625192013, "support": 12963.0}, "PortScan": {"precision": 0.9868020304568528, "recall": 0.998972250770812, "f1-score": 0.992849846782431, "support": 6811.0}, "Web Attack - Brute Force": {"precision": 0.40384615384615385, "recall": 0.7567567567567568, "f1-score": 0.5266457680250783, "support": 111.0}, "FTP-Patator": {"precision": 1.0, "recall": 0.9910112359550561, "f1-score": 0.9954853273137697, "support": 445.0}, "DoS GoldenEye": {"precision": 0.9934383202099738, "recall": 0.9818417639429312, "f1-score": 0.9876060013046314, "support": 771.0}, "DoS slowloris": {"precision": 0.9804878048780488, "recall": 0.995049504950495, "f1-score": 0.9877149877149877, "support": 404.0}, "Bot": {"precision": 0.54, "recall": 0.7346938775510204, "f1-score": 0.622478386167147, "support": 147.0}, "DoS Slowhttptest": {"precision": 0.9166666666666666, "recall": 0.9821428571428571, "f1-score": 0.9482758620689655, "support": 392.0}, "SSH-Patator": {"precision": 0.9745762711864406, "recall": 0.9543568464730291, "f1-score": 0.9643605870020965, "support": 241.0}, "Web Attack - XSS": {"precision": 0.328125, "recall": 0.42857142857142855, "f1-score": 0.37168141592920356, "support": 49.0}, "Web Attack - Sql Injection": {"precision": 0.07692307692307693, "recall": 1.0, "f1-score": 0.14285714285714285, "support": 2.0}, "Infiltration": {"precision": 0.75, "recall": 1.0, "f1-score": 0.8571428571428571, "support": 3.0}, "Heartbleed": {"precision": 1.0, "recall": 1.0, "f1-score": 1.0, "support": 1.0}, "accuracy": {"precision": 0.9964583432446862, "recall": 0.9964583432446862, "f1-score": 0.9964583432446862, "support": 0.9964583432446862}, "macro avg": {"precision": 0.7959135828371906, "recall": 0.9211445072369684, "f1-score": 0.8258588168941057, "support": 189177.0}, "weighted avg": {"precision": 0.9970879146988494, "recall": 0.9964583432446862, "f1-score": 0.9967171183241861, "support": 189177.0}}