{"BENIGN": {"precision": 0.9960216858388122, "recall": 0.9832290315194994, "f1-score": 0.9895840167705491, "support": 314472.0}, "DoS Hulk": {"precision": 0.9690352266727013, "recall": 0.9909746596212443, "f1-score": 0.9798821532770161, "support": 25927.0}, "PortScan": {"precision": 0.8017979188473616, "recall": 0.9558834324304485, "f1-score": 0.8720867934637021, "support": 13623.0}, "DDoS": {"precision": 0.9985312631137222, "recall": 0.991355067180502, "f1-score": 0.9949302252652485, "support": 19202.0}, "FTP-Patator": {"precision": 0.9510337323177367, "recall": 0.9820224719101124, "f1-score": 0.9662797125483693, "support": 890.0}, "DoS GoldenEye": {"precision": 0.9752281616688396, "recall": 0.9695398574206092, "f1-score": 0.9723756906077348, "support": 1543.0}, "DoS slowloris": {"precision": 0.971830985915493, "recall": 0.9405204460966543, "f1-score": 0.9559193954659949, "support": 807.0}, "Bot": {"precision": 0.559748427672956, "recall": 0.6075085324232082, "f1-score": 0.5826513911620295, "support": 293.0}, "SSH-Patator": {"precision": 0.9977272727272727, "recall": 0.9089026915113871, "f1-score": 0.9512459371614301, "support": 483.0}, "Web Attack - XSS": {"precision": 0.25, "recall": 0.01020408163265306, "f1-score": 0.0196078431372549, "support": 98.0}, "Web Attack - Brute Force": {"precision": 0.17785527462946818, "recall": 0.9230769230769231, "f1-score": 0.2982456140350877, "support": 221.0}, "DoS Slowhttptest": {"precision": 0.8672768878718535, "recall": 0.9668367346938775, "f1-score": 0.9143546441495778, "support": 784.0}, "Web Attack - Sql Injection": {"precision": 0.02531645569620253, "recall": 0.6666666666666666, "f1-score": 0.04878048780487805, "support": 3.0}, "Infiltration": {"precision": 0.0, "recall": 0.0, "f1-score": 0.0, "support": 6.0}, "Heartbleed": {"precision": 1.0, "recall": 1.0, "f1-score": 1.0, "support": 2.0}, "accuracy": {"precision": 0.9823128604428657, "recall": 0.9823128604428657, "f1-score": 0.9823128604428657, "support": 0.9823128604428657}, "macro avg": {"precision": 0.7027602195314946, "recall": 0.7931147064122523, "f1-score": 0.7030629269899248, "support": 378354.0}, "weighted avg": {"precision": 0.9857672934919472, "recall": 0.9823128604428657, "f1-score": 0.9835650014186789, "support": 378354.0}}