{"BENIGN": {"precision": 0.9869864719063822, "recall": 0.9921836636424747, "f1-score": 0.9895782440048453, "support": 419506.0}, "DDoS": {"precision": 0.9958721134000545, "recall": 0.9983213616489693, "f1-score": 0.997095233453553, "support": 25616.0}, "DoS Hulk": {"precision": 0.9952262090483619, "recall": 0.9222251134819441, "f1-score": 0.9573360145264643, "support": 34587.0}, "DoS GoldenEye": {"precision": 0.9676470588235294, "recall": 0.9587178241864983, "f1-score": 0.9631617467675043, "support": 2059.0}, "DoS Slowhttptest": {"precision": 0.8797862867319679, "recall": 0.9445506692160612, "f1-score": 0.9110189027201475, "support": 1046.0}, "PortScan": {"precision": 0.8511542497376705, "recall": 0.8926979585098773, "f1-score": 0.8714312572180593, "support": 18173.0}, "DoS slowloris": {"precision": 0.9465579710144928, "recall": 0.9702878365831012, "f1-score": 0.958276020174232, "support": 1077.0}, "FTP-Patator": {"precision": 0.9634247714048213, "recall": 0.9764111204717776, "f1-score": 0.9698744769874477, "support": 1187.0}, "Bot": {"precision": 0.9788732394366197, "recall": 0.3554987212276215, "f1-score": 0.5215759849906192, "support": 391.0}, "Web Attack - Brute Force": {"precision": 1.0, "recall": 0.061224489795918366, "f1-score": 0.11538461538461539, "support": 294.0}, "SSH-Patator": {"precision": 0.9965811965811966, "recall": 0.90527950310559, "f1-score": 0.9487388120423108, "support": 644.0}, "Web Attack - XSS": {"precision": 1.0, "recall": 0.022900763358778626, "f1-score": 0.04477611940298507, "support": 131.0}, "Infiltration": {"precision": 0.0, "recall": 0.0, "f1-score": 0.0, "support": 7.0}, "Heartbleed": {"precision": 1.0, "recall": 1.0, "f1-score": 1.0, "support": 2.0}, "Web Attack - Sql Injection": {"precision": 0.0, "recall": 0.0, "f1-score": 0.0, "support": 4.0}, "accuracy": {"precision": 0.9823804693258098, "recall": 0.9823804693258098, "f1-score": 0.9823804693258098, "support": 0.9823804693258098}, "macro avg": {"precision": 0.8374739712056731, "recall": 0.6666866016819075, "f1-score": 0.6832164951781857, "support": 504724.0}, "weighted avg": {"precision": 0.9826640493199261, "recall": 0.9823804693258098, "f1-score": 0.9819219932911772, "support": 504724.0}}