{"BENIGN": {"precision": 0.9999689421703212, "recall": 0.997747350455059, "f1-score": 0.998856911034746, "support": 419506.0}, "DDoS": {"precision": 0.9989469989469989, "recall": 0.9999219237976265, "f1-score": 0.9994342236182375, "support": 25616.0}, "DoS Hulk": {"precision": 0.997978981406629, "recall": 0.9993928354584092, "f1-score": 0.9986854080291233, "support": 34587.0}, "DoS GoldenEye": {"precision": 0.9870317002881844, "recall": 0.9980573093734822, "f1-score": 0.992513885534895, "support": 2059.0}, "DoS Slowhttptest": {"precision": 0.963855421686747, "recall": 0.994263862332696, "f1-score": 0.9788235294117648, "support": 1046.0}, "PortScan": {"precision": 0.9890522875816994, "recall": 0.9992296263687889, "f1-score": 0.9941149098075712, "support": 18173.0}, "DoS slowloris": {"precision": 0.9725776965265083, "recall": 0.9879294336118849, "f1-score": 0.9801934592353754, "support": 1077.0}, "FTP-Patator": {"precision": 0.9941324392288349, "recall": 0.9991575400168492, "f1-score": 0.9966386554621849, "support": 1187.0}, "Bot": {"precision": 0.42295081967213116, "recall": 0.989769820971867, "f1-score": 0.5926493108728943, "support": 391.0}, "Web Attack - Brute Force": {"precision": 0.6896551724137931, "recall": 0.6802721088435374, "f1-score": 0.684931506849315, "support": 294.0}, "SSH-Patator": {"precision": 0.9922720247295209, "recall": 0.9968944099378882, "f1-score": 0.994577846630519, "support": 644.0}, "Web Attack - XSS": {"precision": 0.35751295336787564, "recall": 0.5267175572519084, "f1-score": 0.42592592592592593, "support": 131.0}, "Infiltration": {"precision": 0.5833333333333334, "recall": 1.0, "f1-score": 0.7368421052631579, "support": 7.0}, "Heartbleed": {"precision": 1.0, "recall": 1.0, "f1-score": 1.0, "support": 2.0}, "Web Attack - Sql Injection": {"precision": 0.6666666666666666, "recall": 1.0, "f1-score": 0.8, "support": 4.0}, "accuracy": {"precision": 0.9976858639573312, "recall": 0.9976858639573312, "f1-score": 0.9976858639573312, "support": 0.9976858639573312}, "macro avg": {"precision": 0.8410623625346163, "recall": 0.9446235852279998, "f1-score": 0.878279178511714, "support": 504724.0}, "weighted avg": {"precision": 0.9983751036799562, "recall": 0.9976858639573312, "f1-score": 0.9979343737680844, "support": 504724.0}}