{"BENIGN": {"precision": 0.9999713180320345, "recall": 0.9977899463227251, "f1-score": 0.998879441248659, "support": 314472.0}, "DoS Hulk": {"precision": 0.9978430013096063, "recall": 0.9991900335557526, "f1-score": 0.9985160631347685, "support": 25927.0}, "PortScan": {"precision": 0.9894606774240442, "recall": 0.9992659472950158, "f1-score": 0.994339140279756, "support": 13623.0}, "DDoS": {"precision": 0.9988036410923277, "recall": 1.0, "f1-score": 0.999401462513337, "support": 19202.0}, "FTP-Patator": {"precision": 0.9955257270693513, "recall": 1.0, "f1-score": 0.9977578475336323, "support": 890.0}, "DoS GoldenEye": {"precision": 0.9865556978233034, "recall": 0.998703823720026, "f1-score": 0.9925925925925926, "support": 1543.0}, "DoS slowloris": {"precision": 0.9685610640870617, "recall": 0.9925650557620818, "f1-score": 0.9804161566707467, "support": 807.0}, "Bot": {"precision": 0.43283582089552236, "recall": 0.9897610921501706, "f1-score": 0.6022845275181724, "support": 293.0}, "SSH-Patator": {"precision": 0.9897540983606558, "recall": 1.0, "f1-score": 0.9948506694129763, "support": 483.0}, "Web Attack - XSS": {"precision": 0.36363636363636365, "recall": 0.5714285714285714, "f1-score": 0.4444444444444444, "support": 98.0}, "Web Attack - Brute Force": {"precision": 0.6588785046728972, "recall": 0.6380090497737556, "f1-score": 0.6482758620689655, "support": 221.0}, "DoS Slowhttptest": {"precision": 0.9724310776942355, "recall": 0.9897959183673469, "f1-score": 0.9810366624525917, "support": 784.0}, "Web Attack - Sql Injection": {"precision": 0.5, "recall": 0.6666666666666666, "f1-score": 0.5714285714285714, "support": 3.0}, "Infiltration": {"precision": 0.6666666666666666, "recall": 1.0, "f1-score": 0.8, "support": 6.0}, "Heartbleed": {"precision": 0.6666666666666666, "recall": 1.0, "f1-score": 0.8, "support": 2.0}, "accuracy": {"precision": 0.997705852191334, "recall": 0.997705852191334, "f1-score": 0.997705852191334, "support": 0.997705852191334}, "macro avg": {"precision": 0.8125060216953823, "recall": 0.9228784070028074, "f1-score": 0.8536148960866144, "support": 378354.0}, "weighted avg": {"precision": 0.998371229583732, "recall": 0.997705852191334, "f1-score": 0.9979446631768221, "support": 378354.0}}