{"BENIGN": {"precision": 0.9999713474346403, "recall": 0.9988138848609733, "f1-score": 0.9993922810143498, "support": 314472.0}, "DoS Hulk": {"precision": 0.9985358147420337, "recall": 0.9995371620318587, "f1-score": 0.9990362374710872, "support": 25927.0}, "PortScan": {"precision": 0.9899643662279107, "recall": 0.9992659472950158, "f1-score": 0.9945934098049244, "support": 13623.0}, "DDoS": {"precision": 0.999635587485033, "recall": 1.0, "f1-score": 0.9998177605373461, "support": 19202.0}, "FTP-Patator": {"precision": 0.9932960893854749, "recall": 0.998876404494382, "f1-score": 0.996078431372549, "support": 890.0}, "DoS GoldenEye": {"precision": 0.9916237113402062, "recall": 0.9974076474400518, "f1-score": 0.9945072697899838, "support": 1543.0}, "DoS slowloris": {"precision": 0.9925742574257426, "recall": 0.9938042131350682, "f1-score": 0.993188854489164, "support": 807.0}, "Bot": {"precision": 0.6613636363636364, "recall": 0.9931740614334471, "f1-score": 0.7939972714870396, "support": 293.0}, "SSH-Patator": {"precision": 1.0, "recall": 1.0, "f1-score": 1.0, "support": 483.0}, "Web Attack - XSS": {"precision": 0.3782051282051282, "recall": 0.6020408163265306, "f1-score": 0.4645669291338583, "support": 98.0}, "Web Attack - Brute Force": {"precision": 0.7172774869109948, "recall": 0.6199095022624435, "f1-score": 0.6650485436893204, "support": 221.0}, "DoS Slowhttptest": {"precision": 0.9797979797979798, "recall": 0.9897959183673469, "f1-score": 0.9847715736040609, "support": 784.0}, "Web Attack - Sql Injection": {"precision": 0.4, "recall": 0.6666666666666666, "f1-score": 0.5, "support": 3.0}, "Infiltration": {"precision": 0.6666666666666666, "recall": 1.0, "f1-score": 0.8, "support": 6.0}, "Heartbleed": {"precision": 1.0, "recall": 1.0, "f1-score": 1.0, "support": 2.0}, "accuracy": {"precision": 0.9985754082155864, "recall": 0.9985754082155864, "f1-score": 0.9985754082155864, "support": 0.9985754082155864}, "macro avg": {"precision": 0.8512608047990297, "recall": 0.9239528149542522, "f1-score": 0.8789999041595788, "support": 378354.0}, "weighted avg": {"precision": 0.9987899022396343, "recall": 0.9985754082155864, "f1-score": 0.9986462199736493, "support": 378354.0}}