{"BENIGN": {"precision": 0.9999617951199633, "recall": 0.9987661858607444, "f1-score": 0.999363632892543, "support": 157236.0}, "DDoS": {"precision": 0.9997917100604041, "recall": 0.9998958441828976, "f1-score": 0.9998437744102484, "support": 9601.0}, "DoS Hulk": {"precision": 0.9976133651551312, "recall": 0.9996142868163234, "f1-score": 0.9986128236744759, "support": 12963.0}, "PortScan": {"precision": 0.9866628008118296, "recall": 0.9992658934077228, "f1-score": 0.9929243562623095, "support": 6811.0}, "Web Attack - Brute Force": {"precision": 0.7340425531914894, "recall": 0.6216216216216216, "f1-score": 0.6731707317073171, "support": 111.0}, "FTP-Patator": {"precision": 1.0, "recall": 1.0, "f1-score": 1.0, "support": 445.0}, "DoS GoldenEye": {"precision": 0.9948387096774194, "recall": 1.0, "f1-score": 0.9974126778783958, "support": 771.0}, "DoS slowloris": {"precision": 0.995049504950495, "recall": 0.995049504950495, "f1-score": 0.995049504950495, "support": 404.0}, "Bot": {"precision": 0.6794258373205742, "recall": 0.9659863945578231, "f1-score": 0.797752808988764, "support": 147.0}, "DoS Slowhttptest": {"precision": 0.9898734177215189, "recall": 0.9974489795918368, "f1-score": 0.9936467598475223, "support": 392.0}, "SSH-Patator": {"precision": 1.0, "recall": 1.0, "f1-score": 1.0, "support": 241.0}, "Web Attack - XSS": {"precision": 0.37681159420289856, "recall": 0.5306122448979592, "f1-score": 0.4406779661016949, "support": 49.0}, "Web Attack - Sql Injection": {"precision": 0.6666666666666666, "recall": 1.0, "f1-score": 0.8, "support": 2.0}, "Infiltration": {"precision": 0.75, "recall": 1.0, "f1-score": 0.8571428571428571, "support": 3.0}, "Heartbleed": {"precision": 1.0, "recall": 1.0, "f1-score": 1.0, "support": 1.0}, "accuracy": {"precision": 0.9985304767492877, "recall": 0.9985304767492877, "f1-score": 0.9985304767492877, "support": 0.9985304767492877}, "macro avg": {"precision": 0.8780491969918927, "recall": 0.9405507303924949, "f1-score": 0.9030398595904415, "support": 189177.0}, "weighted avg": {"precision": 0.9986873026977678, "recall": 0.9985304767492877, "f1-score": 0.998580890123827, "support": 189177.0}}