{"BENIGN": {"precision": 0.9998390415068056, "recall": 0.8144055150581875, "f1-score": 0.8976457188498822, "support": 419506.0}, "DDoS": {"precision": 0.880881087592497, "recall": 0.9991411617738913, "f1-score": 0.9362916354191436, "support": 25616.0}, "DoS Hulk": {"precision": 0.8382746051032807, "recall": 0.997340041055888, "f1-score": 0.9109154046238959, "support": 34587.0}, "DoS GoldenEye": {"precision": 0.5346982185588939, "recall": 0.9766877124817873, "f1-score": 0.6910652920962199, "support": 2059.0}, "DoS Slowhttptest": {"precision": 0.3895017116774439, "recall": 0.9789674952198852, "f1-score": 0.5572789115646258, "support": 1046.0}, "PortScan": {"precision": 0.7017367423509844, "recall": 0.9982941726737468, "f1-score": 0.8241493662835597, "support": 18173.0}, "DoS slowloris": {"precision": 0.32332209623046276, "recall": 0.9795728876508821, "f1-score": 0.4861751152073733, "support": 1077.0}, "FTP-Patator": {"precision": 0.45363601385148133, "recall": 0.9932603201347936, "f1-score": 0.6228209191759112, "support": 1187.0}, "Bot": {"precision": 0.011596923635923212, "recall": 0.979539641943734, "f1-score": 0.022922464613819315, "support": 391.0}, "Web Attack - Brute Force": {"precision": 0.026147278548559232, "recall": 0.5, "f1-score": 0.04969574036511156, "support": 294.0}, "SSH-Patator": {"precision": 0.16896458502297917, "recall": 0.9704968944099379, "f1-score": 0.28781947962238086, "support": 644.0}, "Web Attack - XSS": {"precision": 0.011775465874013947, "recall": 0.7862595419847328, "f1-score": 0.02320342419463843, "support": 131.0}, "Infiltration": {"precision": 0.0033829499323410014, "recall": 0.7142857142857143, "f1-score": 0.006734006734006734, "support": 7.0}, "Heartbleed": {"precision": 0.2857142857142857, "recall": 1.0, "f1-score": 0.4444444444444444, "support": 2.0}, "Web Attack - Sql Injection": {"precision": 0.00046904315196998124, "recall": 0.25, "f1-score": 0.0009363295880149813, "support": 4.0}, "accuracy": {"precision": 0.8448458959748298, "recall": 0.8448458959748298, "f1-score": 0.8448458959748298, "support": 0.8448458959748298}, "macro avg": {"precision": 0.37532933658346146, "recall": 0.8625500732448788, "f1-score": 0.4508065501855352, "support": 504724.0}, "weighted avg": {"precision": 0.9634323178634207, "recall": 0.8448458959748298, "f1-score": 0.8925997844426421, "support": 504724.0}}