{"BENIGN": {"precision": 0.9998501258154339, "recall": 0.8061385433361317, "f1-score": 0.8926055160223796, "support": 157236.0}, "DDoS": {"precision": 0.9157673574634705, "recall": 0.9987501301947713, "f1-score": 0.9554603427660423, "support": 9601.0}, "DoS Hulk": {"precision": 0.8268481247204651, "recall": 0.9983028619918228, "f1-score": 0.9045222618298735, "support": 12963.0}, "PortScan": {"precision": 0.7096841664923657, "recall": 0.996329467038614, "f1-score": 0.8289256703108777, "support": 6811.0}, "Web Attack - Brute Force": {"precision": 0.036774193548387096, "recall": 0.5135135135135135, "f1-score": 0.06863335340156532, "support": 111.0}, "FTP-Patator": {"precision": 0.46226415094339623, "recall": 0.9910112359550561, "f1-score": 0.6304503216583274, "support": 445.0}, "DoS GoldenEye": {"precision": 0.48186528497409326, "recall": 0.9649805447470817, "f1-score": 0.6427645788336933, "support": 771.0}, "DoS slowloris": {"precision": 0.3177795655671762, "recall": 0.9777227722772277, "f1-score": 0.47965998785670916, "support": 404.0}, "Bot": {"precision": 0.012463718627283592, "recall": 0.9931972789115646, "f1-score": 0.024618497597167187, "support": 147.0}, "DoS Slowhttptest": {"precision": 0.32472006890611543, "recall": 0.9617346938775511, "f1-score": 0.4855119124275596, "support": 392.0}, "SSH-Patator": {"precision": 0.35873015873015873, "recall": 0.9377593360995851, "f1-score": 0.5189437428243399, "support": 241.0}, "Web Attack - XSS": {"precision": 0.01344590368980613, "recall": 0.8775510204081632, "f1-score": 0.02648598706498306, "support": 49.0}, "Web Attack - Sql Injection": {"precision": 0.0008061265618702137, "recall": 1.0, "f1-score": 0.0016109544905356424, "support": 2.0}, "Infiltration": {"precision": 0.0013380909901873326, "recall": 1.0, "f1-score": 0.0026726057906458797, "support": 3.0}, "Heartbleed": {"precision": 0.3333333333333333, "recall": 1.0, "f1-score": 0.5, "support": 1.0}, "accuracy": {"precision": 0.8378661253746491, "recall": 0.8378661253746491, "f1-score": 0.8378661253746491, "support": 0.8378661253746491}, "macro avg": {"precision": 0.3863780246909029, "recall": 0.9344660932234056, "f1-score": 0.4641910488583133, "support": 189177.0}, "weighted avg": {"precision": 0.9646155328256326, "recall": 0.8378661253746491, "f1-score": 0.8890751380635685, "support": 189177.0}}