{"BENIGN": {"precision": 0.999807022034933, "recall": 0.8072769594749294, "f1-score": 0.8932857366547792, "support": 314472.0}, "DoS Hulk": {"precision": 0.8293496743559305, "recall": 0.9970301230377598, "f1-score": 0.9054925038531596, "support": 25927.0}, "PortScan": {"precision": 0.7082334549244398, "recall": 0.9976510313440505, "f1-score": 0.8283911864200164, "support": 13623.0}, "DDoS": {"precision": 0.8651062102557164, "recall": 0.9989584418289762, "f1-score": 0.927226586102719, "support": 19202.0}, "FTP-Patator": {"precision": 0.45217391304347826, "recall": 0.9932584269662922, "f1-score": 0.6214411247803163, "support": 890.0}, "DoS GoldenEye": {"precision": 0.49069539666993145, "recall": 0.9740764744005185, "f1-score": 0.6526270082501086, "support": 1543.0}, "DoS slowloris": {"precision": 0.37962518020182606, "recall": 0.9789343246592317, "f1-score": 0.5470914127423823, "support": 807.0}, "Bot": {"precision": 0.012252067000813948, "recall": 0.9761092150170648, "f1-score": 0.024200372313420208, "support": 293.0}, "SSH-Patator": {"precision": 0.28396651641983256, "recall": 0.9130434782608695, "f1-score": 0.43320235756385067, "support": 483.0}, "Web Attack - XSS": {"precision": 0.011764705882352941, "recall": 0.8163265306122449, "f1-score": 0.02319512902290519, "support": 98.0}, "Web Attack - Brute Force": {"precision": 0.03399158303658142, "recall": 0.4751131221719457, "f1-score": 0.0634441087613293, "support": 221.0}, "DoS Slowhttptest": {"precision": 0.2996870109546166, "recall": 0.9770408163265306, "f1-score": 0.45868263473053894, "support": 784.0}, "Web Attack - Sql Injection": {"precision": 0.0006353240152477764, "recall": 1.0, "f1-score": 0.0012698412698412698, "support": 3.0}, "Infiltration": {"precision": 0.00145985401459854, "recall": 0.6666666666666666, "f1-score": 0.0029133284777858705, "support": 6.0}, "Heartbleed": {"precision": 0.4, "recall": 1.0, "f1-score": 0.5714285714285714, "support": 2.0}, "accuracy": {"precision": 0.8387726837829123, "recall": 0.8387726837829123, "f1-score": 0.8387726837829123, "support": 0.8387726837829123}, "macro avg": {"precision": 0.38458319418735326, "recall": 0.9047657073844719, "f1-score": 0.4635927934914483, "support": 378354.0}, "weighted avg": {"precision": 0.9621280810881581, "recall": 0.8387726837829123, "f1-score": 0.8882549576831545, "support": 378354.0}}