{"BENIGN": {"precision": 0.9996705807015708, "recall": 0.774022302422373, "f1-score": 0.8724930137575236, "support": 419506.0}, "DDoS": {"precision": 0.8079183518705764, "recall": 0.9981652092442224, "f1-score": 0.8930217937971501, "support": 25616.0}, "DoS Hulk": {"precision": 0.8006753609687937, "recall": 0.9940440049729667, "f1-score": 0.8869426135410889, "support": 34587.0}, "DoS GoldenEye": {"precision": 0.4135930377123912, "recall": 0.9694026226323458, "f1-score": 0.5798111837327523, "support": 2059.0}, "DoS Slowhttptest": {"precision": 0.21843298078998488, "recall": 0.9674952198852772, "f1-score": 0.356400774784293, "support": 1046.0}, "PortScan": {"precision": 0.6789155948854475, "recall": 0.9963132119077752, "f1-score": 0.8075464965880201, "support": 18173.0}, "DoS slowloris": {"precision": 0.236708275543227, "recall": 0.9507892293407614, "f1-score": 0.3790486766611142, "support": 1077.0}, "FTP-Patator": {"precision": 0.3806909912818857, "recall": 0.9932603201347936, "f1-score": 0.5504201680672269, "support": 1187.0}, "Bot": {"precision": 0.010973186256156217, "recall": 0.9744245524296675, "f1-score": 0.021701982228298018, "support": 391.0}, "Web Attack - Brute Force": {"precision": 0.015233216500404422, "recall": 0.3843537414965986, "f1-score": 0.029304979253112033, "support": 294.0}, "SSH-Patator": {"precision": 0.1513461072034926, "recall": 0.968944099378882, "f1-score": 0.26179987413467587, "support": 644.0}, "Web Attack - XSS": {"precision": 0.01277167824333408, "recall": 0.8702290076335878, "f1-score": 0.025173898641934415, "support": 131.0}, "Infiltration": {"precision": 0.003372681281618887, "recall": 0.5714285714285714, "f1-score": 0.006705783738474434, "support": 7.0}, "Heartbleed": {"precision": 0.09090909090909091, "recall": 0.5, "f1-score": 0.15384615384615385, "support": 2.0}, "Web Attack - Sql Injection": {"precision": 0.0001856665428889714, "recall": 0.25, "f1-score": 0.00037105751391465676, "support": 4.0}, "accuracy": {"precision": 0.8107639026477838, "recall": 0.8107639026477838, "f1-score": 0.8107639026477838, "support": 0.8107639026477838}, "macro avg": {"precision": 0.32142645337939085, "recall": 0.8108581395271882, "f1-score": 0.3883058966857156, "support": 504724.0}, "weighted avg": {"precision": 0.9549562417498312, "recall": 0.8107639026477838, "f1-score": 0.8659415678944167, "support": 504724.0}}