{"BENIGN": {"precision": 0.9998345350987825, "recall": 0.8646747564171055, "f1-score": 0.92735572520646, "support": 314472.0}, "DoS Hulk": {"precision": 0.8987830319888734, "recall": 0.9969915532070814, "f1-score": 0.9453435002834312, "support": 25927.0}, "PortScan": {"precision": 0.7081554004791167, "recall": 0.9981648682375395, "f1-score": 0.8285148514851485, "support": 13623.0}, "DDoS": {"precision": 0.8521248723300324, "recall": 0.9993229871888345, "f1-score": 0.9198724862778936, "support": 19202.0}, "FTP-Patator": {"precision": 0.5497512437810945, "recall": 0.9932584269662922, "f1-score": 0.7077662129703763, "support": 890.0}, "DoS GoldenEye": {"precision": 0.639135959339263, "recall": 0.9779650032404407, "f1-score": 0.7730532786885246, "support": 1543.0}, "DoS slowloris": {"precision": 0.4558058925476603, "recall": 0.9776951672862454, "f1-score": 0.6217494089834515, "support": 807.0}, "Bot": {"precision": 0.017159656806863863, "recall": 0.9761092150170648, "f1-score": 0.03372641509433962, "support": 293.0}, "SSH-Patator": {"precision": 0.40947075208913647, "recall": 0.9130434782608695, "f1-score": 0.5653846153846154, "support": 483.0}, "Web Attack - XSS": {"precision": 0.022065063649222064, "recall": 0.7959183673469388, "f1-score": 0.042939719240297276, "support": 98.0}, "Web Attack - Brute Force": {"precision": 0.06154714850367024, "recall": 0.49321266968325794, "f1-score": 0.10943775100401607, "support": 221.0}, "DoS Slowhttptest": {"precision": 0.305057745917961, "recall": 0.9770408163265306, "f1-score": 0.46494688922610017, "support": 784.0}, "Web Attack - Sql Injection": {"precision": 0.000986842105263158, "recall": 1.0, "f1-score": 0.001971738416036806, "support": 3.0}, "Infiltration": {"precision": 0.0024875621890547263, "recall": 0.6666666666666666, "f1-score": 0.004956629491945477, "support": 6.0}, "Heartbleed": {"precision": 0.6666666666666666, "recall": 1.0, "f1-score": 0.8, "support": 2.0}, "accuracy": {"precision": 0.8865321894310619, "recall": 0.8865321894310619, "f1-score": 0.8865321894310619, "support": 0.8865321894310619}, "macro avg": {"precision": 0.43926882489951075, "recall": 0.9086709317229912, "f1-score": 0.5164679481168425, "support": 378354.0}, "weighted avg": {"precision": 0.9674400167553999, "recall": 0.8865321894310619, "f1-score": 0.9200102951847493, "support": 378354.0}}