{"accuracy": [0.9587437510490417, 0.968439519405365, 0.9718695282936096, 0.9752696752548218, 0.9761737585067749, 0.9811163544654846, 0.9791691303253174, 0.9792262315750122, 0.9834796190261841, 0.983304500579834, 0.9840198159217834, 0.9829679727554321, 0.9827730059623718, 0.9853485822677612, 0.986185610294342, 0.9856826663017273, 0.9822663068771362, 0.9841700792312622, 0.9856441617012024, 0.9870300889015198, 0.9872250556945801, 0.9869294762611389, 0.9872523546218872, 0.9870325326919556, 0.9874696731567383, 0.9871505498886108, 0.9868537187576294, 0.9864910840988159, 0.9884544610977173, 0.9882122874259949], "cross_entropy": [0.10898669809103012, 0.07645726948976517, 0.0674918070435524, 0.060021210461854935, 0.057907212525606155, 0.048138946294784546, 0.05112256482243538, 0.05087105557322502, 0.04245515167713165, 0.04227166622877121, 0.04062347486615181, 0.04271399974822998, 0.0437958687543869, 0.03771238401532173, 0.035540733486413956, 0.03631972894072533, 0.04355686902999878, 0.03952138125896454, 0.036521878093481064, 0.03334654122591019, 0.03252970427274704, 0.032997116446495056, 0.03215768188238144, 0.03247925266623497, 0.0314590148627758, 0.03209484741091728, 0.0327262356877327, 0.03410853073000908, 0.02939094975590706, 0.0298453476279974], "loss": [0.13253802061080933, 0.07645726948976517, 0.0674918070435524, 0.060021210461854935, 0.057907212525606155, 0.048138946294784546, 0.05112256482243538, 0.05087105557322502, 0.04245515167713165, 0.04227166622877121, 0.04062347486615181, 0.04271399974822998, 0.0437958687543869, 0.03771238401532173, 0.035540733486413956, 0.03631972894072533, 0.04355686902999878, 0.03952138125896454, 0.036521878093481064, 0.03334654122591019, 0.03252970427274704, 0.032997116446495056, 0.03215768188238144, 0.03247925266623497, 0.0314590148627758, 0.03209484741091728, 0.0327262356877327, 0.03410853073000908, 0.02939094975590706, 0.0298453476279974], "val_accuracy": [0.9668723940849304, 0.9744287729263306, 0.9766172170639038, 0.9696475267410278, 0.9847946763038635, 0.9888067841529846, 0.9783008098602295, 0.9804126024246216, 0.9929563403129578, 0.9890869855880737, 0.9770268797874451, 0.9856933355331421, 0.9877707362174988, 0.98949134349823, 0.9910903573036194, 0.9707761406898499, 0.98457270860672, 0.9894596338272095, 0.9858704209327698, 0.9912093281745911, 0.988574206829071, 0.9922400712966919, 0.9921502470970154, 0.9930990934371948, 0.9808037281036377, 0.9808724522590637, 0.9911115169525146, 0.9888147115707397, 0.9869725704193115, 0.982474148273468], "val_cross_entropy": [0.06104816123843193, 0.047518350183963776, 0.04323478043079376, 0.04960353299975395, 0.036814380437135696, 0.02485916018486023, 0.04551847651600838, 0.04076313227415085, 0.024463634938001633, 0.027128659188747406, 0.045911625027656555, 0.03651740401983261, 0.026133649051189423, 0.022899262607097626, 0.023712433874607086, 0.06936505436897278, 0.034356992691755295, 0.027238434180617332, 0.028133999556303024, 0.020738841965794563, 0.027409227564930916, 0.019063476473093033, 0.017759719863533974, 0.016144225373864174, 0.08286742866039276, 0.04748612642288208, 0.018845023587346077, 0.032671038061380386, 0.02683192864060402, 0.0502525269985199], "val_loss": [0.06104816123843193, 0.047518350183963776, 0.04323478043079376, 0.04960353299975395, 0.036814380437135696, 0.02485916018486023, 0.04551847651600838, 0.04076313227415085, 0.024463634938001633, 0.027128659188747406, 0.045911625027656555, 0.03651740401983261, 0.026133649051189423, 0.022899262607097626, 0.023712433874607086, 0.06936505436897278, 0.034356992691755295, 0.027238434180617332, 0.028133999556303024, 0.020738841965794563, 0.027409227564930916, 0.019063476473093033, 0.017759719863533974, 0.016144225373864174, 0.08286742866039276, 0.04748612642288208, 0.018845023587346077, 0.032671038061380386, 0.02683192864060402, 0.0502525269985199]}