{"BENIGN": {"precision": 0.9947296881411571, "recall": 0.9867078786028645, "f1-score": 0.9907025453059348, "support": 157236.0}, "DDoS": {"precision": 0.9975969073242086, "recall": 0.9944797416935736, "f1-score": 0.9960358856665972, "support": 9601.0}, "DoS Hulk": {"precision": 0.9968415937803693, "recall": 0.9495487155750983, "f1-score": 0.9726205997392438, "support": 12963.0}, "PortScan": {"precision": 0.8408809700569166, "recall": 0.9977976802231684, "f1-score": 0.912643523803129, "support": 6811.0}, "Web Attack - Brute Force": {"precision": 0.14825174825174825, "recall": 0.954954954954955, "f1-score": 0.2566585956416465, "support": 111.0}, "FTP-Patator": {"precision": 0.9276595744680851, "recall": 0.9797752808988764, "f1-score": 0.9530054644808743, "support": 445.0}, "DoS GoldenEye": {"precision": 0.9702842377260982, "recall": 0.9740596627756161, "f1-score": 0.972168284789644, "support": 771.0}, "DoS slowloris": {"precision": 0.9343065693430657, "recall": 0.9504950495049505, "f1-score": 0.9423312883435583, "support": 404.0}, "Bot": {"precision": 0.5935483870967742, "recall": 0.6258503401360545, "f1-score": 0.609271523178808, "support": 147.0}, "DoS Slowhttptest": {"precision": 0.8931116389548693, "recall": 0.9591836734693877, "f1-score": 0.9249692496924969, "support": 392.0}, "SSH-Patator": {"precision": 0.995575221238938, "recall": 0.9336099585062241, "f1-score": 0.9635974304068522, "support": 241.0}, "Web Attack - XSS": {"precision": 1.0, "recall": 0.02040816326530612, "f1-score": 0.04, "support": 49.0}, "Web Attack - Sql Injection": {"precision": 0.05714285714285714, "recall": 1.0, "f1-score": 0.10810810810810811, "support": 2.0}, "Infiltration": {"precision": 0.0, "recall": 0.0, "f1-score": 0.0, "support": 3.0}, "Heartbleed": {"precision": 0.0, "recall": 0.0, "f1-score": 0.0, "support": 1.0}, "accuracy": {"precision": 0.9841154051496747, "recall": 0.9841154051496747, "f1-score": 0.9841154051496747, "support": 0.9841154051496747}, "macro avg": {"precision": 0.6899952929016725, "recall": 0.7551247399737384, "f1-score": 0.6428074999437928, "support": 189177.0}, "weighted avg": {"precision": 0.9880469389218426, "recall": 0.9841154051496747, "f1-score": 0.9854819349479943, "support": 189177.0}}