{"BENIGN": {"precision": 0.998019685885702, "recall": 0.9743760970770052, "f1-score": 0.9860561807515439, "support": 157236.0}, "DDoS": {"precision": 0.9973717409587889, "recall": 0.9881262368503281, "f1-score": 0.9927274629833098, "support": 9601.0}, "DoS Hulk": {"precision": 0.9290867118741885, "recall": 0.9935200185142328, "f1-score": 0.9602236719478099, "support": 12963.0}, "PortScan": {"precision": 0.7431974647579499, "recall": 0.9985317868154456, "f1-score": 0.8521488535271269, "support": 6811.0}, "Web Attack - Brute Force": {"precision": 0.1622464898595944, "recall": 0.9369369369369369, "f1-score": 0.2765957446808511, "support": 111.0}, "FTP-Patator": {"precision": 0.9357601713062098, "recall": 0.9820224719101124, "f1-score": 0.9583333333333334, "support": 445.0}, "DoS GoldenEye": {"precision": 0.9614890885750963, "recall": 0.9714656290531777, "f1-score": 0.9664516129032258, "support": 771.0}, "DoS slowloris": {"precision": 0.925754060324826, "recall": 0.9876237623762376, "f1-score": 0.9556886227544911, "support": 404.0}, "Bot": {"precision": 0.6216216216216216, "recall": 0.6258503401360545, "f1-score": 0.6237288135593221, "support": 147.0}, "DoS Slowhttptest": {"precision": 0.9040767386091128, "recall": 0.9617346938775511, "f1-score": 0.9320148331273177, "support": 392.0}, "SSH-Patator": {"precision": 0.9911894273127754, "recall": 0.9336099585062241, "f1-score": 0.9615384615384616, "support": 241.0}, "Web Attack - XSS": {"precision": 1.0, "recall": 0.02040816326530612, "f1-score": 0.04, "support": 49.0}, "Web Attack - Sql Injection": {"precision": 0.06896551724137931, "recall": 1.0, "f1-score": 0.12903225806451613, "support": 2.0}, "Infiltration": {"precision": 0.0, "recall": 0.0, "f1-score": 0.0, "support": 3.0}, "Heartbleed": {"precision": 1.0, "recall": 1.0, "f1-score": 1.0, "support": 1.0}, "accuracy": {"precision": 0.976656781744081, "recall": 0.976656781744081, "f1-score": 0.976656781744081, "support": 0.976656781744081}, "macro avg": {"precision": 0.7492519145551496, "recall": 0.8249470730212408, "f1-score": 0.7089693232780871, "support": 189177.0}, "weighted avg": {"precision": 0.9826278289673659, "recall": 0.976656781744081, "f1-score": 0.9784828544254607, "support": 189177.0}}