{"BENIGN": {"precision": 0.9995125059126758, "recall": 0.9877556666412272, "f1-score": 0.9935993090708443, "support": 209648.0}, "PortScan": {"precision": 0.9770350404312669, "recall": 0.9977978418850474, "f1-score": 0.9873072942201885, "support": 9082.0}, "DoS Hulk": {"precision": 0.9346744538178672, "recall": 0.9999421463696847, "f1-score": 0.9662073399111161, "support": 17285.0}, "DDoS": {"precision": 0.9961080407877325, "recall": 0.9996875244121552, "f1-score": 0.997894572676232, "support": 12801.0}, "DoS GoldenEye": {"precision": 0.9646946564885496, "recall": 0.9834630350194552, "f1-score": 0.9739884393063584, "support": 1028.0}, "Web Attack - Brute Force": {"precision": 0.8125, "recall": 0.08843537414965986, "f1-score": 0.15950920245398773, "support": 147.0}, "Web Attack - XSS": {"precision": 0.0665258711721225, "recall": 0.9692307692307692, "f1-score": 0.12450592885375494, "support": 65.0}, "SSH-Patator": {"precision": 0.9801980198019802, "recall": 0.922360248447205, "f1-score": 0.9504, "support": 322.0}, "Bot": {"precision": 0.4664310954063604, "recall": 0.673469387755102, "f1-score": 0.5511482254697286, "support": 196.0}, "DoS slowloris": {"precision": 0.9566003616636528, "recall": 0.9814471243042672, "f1-score": 0.9688644688644689, "support": 539.0}, "DoS Slowhttptest": {"precision": 0.8825561312607945, "recall": 0.9770554493307839, "f1-score": 0.9274047186932849, "support": 523.0}, "FTP-Patator": {"precision": 0.9169278996865203, "recall": 0.9865092748735245, "f1-score": 0.950446791226645, "support": 593.0}, "Infiltration": {"precision": 0.3333333333333333, "recall": 0.75, "f1-score": 0.46153846153846156, "support": 4.0}, "Web Attack - Sql Injection": {"precision": 0.031746031746031744, "recall": 1.0, "f1-score": 0.06153846153846154, "support": 2.0}, "Heartbleed": {"precision": 1.0, "recall": 1.0, "f1-score": 1.0, "support": 1.0}, "accuracy": {"precision": 0.9886415896224171, "recall": 0.9886415896224171, "f1-score": 0.9886415896224171, "support": 0.9886415896224171}, "macro avg": {"precision": 0.7545895627672593, "recall": 0.8878102561612587, "f1-score": 0.7382902142549022, "support": 252236.0}, "weighted avg": {"precision": 0.9926104465984728, "recall": 0.9886415896224171, "f1-score": 0.9902173543422849, "support": 252236.0}}