{"BENIGN": {"precision": 0.9996796460088397, "recall": 0.9521437118896988, "f1-score": 0.9753328189250169, "support": 419506.0}, "DDoS": {"precision": 0.9559598072541182, "recall": 0.9990630855715178, "f1-score": 0.9770362876286102, "support": 25616.0}, "DoS Hulk": {"precision": 0.95283540802213, "recall": 0.9958944111949577, "f1-score": 0.9738891951878084, "support": 34587.0}, "DoS GoldenEye": {"precision": 0.8606315789473684, "recall": 0.9927149101505586, "f1-score": 0.9219666215606676, "support": 2059.0}, "DoS Slowhttptest": {"precision": 0.775112443778111, "recall": 0.988527724665392, "f1-score": 0.8689075630252101, "support": 1046.0}, "PortScan": {"precision": 0.7381475156542247, "recall": 0.9989544929290706, "f1-score": 0.8489723384852808, "support": 18173.0}, "DoS slowloris": {"precision": 0.836078431372549, "recall": 0.989786443825441, "f1-score": 0.9064625850340136, "support": 1077.0}, "FTP-Patator": {"precision": 0.9132455460883037, "recall": 0.9932603201347936, "f1-score": 0.9515738498789347, "support": 1187.0}, "Bot": {"precision": 0.049157656525018856, "recall": 1.0, "f1-score": 0.09370880766926303, "support": 391.0}, "Web Attack - Brute Force": {"precision": 0.2314410480349345, "recall": 0.18027210884353742, "f1-score": 0.20267686424474188, "support": 294.0}, "SSH-Patator": {"precision": 0.8658008658008658, "recall": 0.9316770186335404, "f1-score": 0.8975317875841436, "support": 644.0}, "Web Attack - XSS": {"precision": 0.0628428927680798, "recall": 0.9618320610687023, "f1-score": 0.11797752808988764, "support": 131.0}, "Infiltration": {"precision": 0.015015015015015015, "recall": 0.7142857142857143, "f1-score": 0.029411764705882353, "support": 7.0}, "Heartbleed": {"precision": 1.0, "recall": 1.0, "f1-score": 1.0, "support": 2.0}, "Web Attack - Sql Injection": {"precision": 0.01875, "recall": 0.75, "f1-score": 0.036585365853658534, "support": 4.0}, "accuracy": {"precision": 0.959185614315943, "recall": 0.959185614315943, "f1-score": 0.959185614315943, "support": 0.959185614315943}, "macro avg": {"precision": 0.6183131903513038, "recall": 0.8965608002128616, "f1-score": 0.6534688918582081, "support": 504724.0}, "weighted avg": {"precision": 0.9816297394713704, "recall": 0.959185614315943, "f1-score": 0.9686542364199028, "support": 504724.0}}