{"accuracy": [0.9521533846855164, 0.9661802053451538, 0.9698324203491211, 0.9717183709144592, 0.973584771156311, 0.9759278893470764, 0.9759094715118408, 0.9770654439926147, 0.9767741560935974, 0.9774511456489563, 0.9785277247428894, 0.9787476062774658, 0.9794557094573975, 0.9820095300674438, 0.9820958971977234, 0.9813106060028076], "cross_entropy": [0.14542682468891144, 0.08770283311605453, 0.07642681896686554, 0.07175593823194504, 0.0667167454957962, 0.06169288977980614, 0.061086829751729965, 0.058391328901052475, 0.05847778171300888, 0.05697474256157875, 0.05466155707836151, 0.05436094105243683, 0.05252927541732788, 0.04764353111386299, 0.04715461656451225, 0.048299677670001984], "loss": [0.16578218340873718, 0.08770283311605453, 0.07642681896686554, 0.07175593823194504, 0.0667167454957962, 0.06169288977980614, 0.061086829751729965, 0.058391328901052475, 0.05847778171300888, 0.05697474256157875, 0.05466155707836151, 0.05436094105243683, 0.05252927541732788, 0.04764353111386299, 0.04715461656451225, 0.048299677670001984], "val_accuracy": [0.9748279452323914, 0.9712651371955872, 0.9744420647621155, 0.9758375883102417, 0.9768260717391968, 0.9837771654129028, 0.9858863353729248, 0.9830952882766724, 0.9763714671134949, 0.9762657284736633, 0.983660876750946, 0.9808804392814636, 0.9897609949111938, 0.9927052855491638, 0.978417158126831, 0.9752508401870728], "val_cross_entropy": [0.06309313327074051, 0.06175845488905907, 0.05701637268066406, 0.050875816494226456, 0.051874060183763504, 0.03777230530977249, 0.045904844999313354, 0.05183331295847893, 0.06435311585664749, 0.06731430441141129, 0.06988054513931274, 0.07623177766799927, 0.054155826568603516, 0.05682450905442238, 0.04443939030170441, 0.04920292645692825], "val_loss": [0.06309313327074051, 0.06175845488905907, 0.05701637268066406, 0.050875816494226456, 0.051874060183763504, 0.03777230530977249, 0.045904844999313354, 0.05183331295847893, 0.06435311585664749, 0.06731430441141129, 0.06988054513931274, 0.07623177766799927, 0.054155826568603516, 0.05682450905442238, 0.04443939030170441, 0.04920292645692825]}