{"BENIGN": {"precision": 0.9980848827278103, "recall": 0.9661814088376708, "f1-score": 0.9818740588018589, "support": 314472.0}, "DoS Hulk": {"precision": 0.8857642580335402, "recall": 0.9961815867628341, "f1-score": 0.9377337254474821, "support": 25927.0}, "PortScan": {"precision": 0.7430365920262152, "recall": 0.9986787051310284, "f1-score": 0.8520965772085304, "support": 13623.0}, "DDoS": {"precision": 0.911704604856722, "recall": 0.9991146755546297, "f1-score": 0.9534103615355944, "support": 19202.0}, "FTP-Patator": {"precision": 0.9330499468650372, "recall": 0.9865168539325843, "f1-score": 0.9590387766247952, "support": 890.0}, "DoS GoldenEye": {"precision": 0.9781167108753316, "recall": 0.9559300064808814, "f1-score": 0.9668960996394624, "support": 1543.0}, "DoS slowloris": {"precision": 0.962287104622871, "recall": 0.9801734820322181, "f1-score": 0.9711479435236341, "support": 807.0}, "Bot": {"precision": 0.5647840531561462, "recall": 0.5802047781569966, "f1-score": 0.5723905723905723, "support": 293.0}, "SSH-Patator": {"precision": 0.9844097995545658, "recall": 0.9151138716356108, "f1-score": 0.9484978540772532, "support": 483.0}, "Web Attack - XSS": {"precision": 1.0, "recall": 0.01020408163265306, "f1-score": 0.020202020202020204, "support": 98.0}, "Web Attack - Brute Force": {"precision": 0.15605749486652978, "recall": 0.3438914027149321, "f1-score": 0.21468926553672316, "support": 221.0}, "DoS Slowhttptest": {"precision": 0.8814729574223246, "recall": 0.9770408163265306, "f1-score": 0.926799758015729, "support": 784.0}, "Web Attack - Sql Injection": {"precision": 0.025, "recall": 0.3333333333333333, "f1-score": 0.046511627906976744, "support": 3.0}, "Infiltration": {"precision": 0.0, "recall": 0.0, "f1-score": 0.0, "support": 6.0}, "Heartbleed": {"precision": 1.0, "recall": 1.0, "f1-score": 1.0, "support": 2.0}, "accuracy": {"precision": 0.9701417191307612, "recall": 0.9701417191307612, "f1-score": 0.9701417191307612, "support": 0.9701417191307612}, "macro avg": {"precision": 0.7349178936671397, "recall": 0.7361710001687937, "f1-score": 0.6900859093940422, "support": 378354.0}, "weighted avg": {"precision": 0.975400558396668, "recall": 0.9701417191307612, "f1-score": 0.9714003602662002, "support": 378354.0}}