{"BENIGN": {"precision": 0.9993342679187551, "recall": 0.9928705894324455, "f1-score": 0.9960919430221243, "support": 314472.0}, "DoS Hulk": {"precision": 0.9732562070390264, "recall": 0.9993828827091449, "f1-score": 0.9861465271170314, "support": 25927.0}, "PortScan": {"precision": 0.9848758955061871, "recall": 0.9990457314835205, "f1-score": 0.9919102106260477, "support": 13623.0}, "DDoS": {"precision": 0.9979722352207144, "recall": 0.9995833767315905, "f1-score": 0.998777156237804, "support": 19202.0}, "FTP-Patator": {"precision": 0.9921171171171171, "recall": 0.9898876404494382, "f1-score": 0.9910011248593926, "support": 890.0}, "DoS GoldenEye": {"precision": 0.991430454845089, "recall": 0.9747245625405055, "f1-score": 0.9830065359477124, "support": 1543.0}, "DoS slowloris": {"precision": 0.98875, "recall": 0.9801734820322181, "f1-score": 0.984443061605476, "support": 807.0}, "Bot": {"precision": 0.5802047781569966, "recall": 0.5802047781569966, "f1-score": 0.5802047781569966, "support": 293.0}, "SSH-Patator": {"precision": 0.9782135076252724, "recall": 0.9296066252587992, "f1-score": 0.9532908704883227, "support": 483.0}, "Web Attack - XSS": {"precision": 0.5, "recall": 0.02040816326530612, "f1-score": 0.0392156862745098, "support": 98.0}, "Web Attack - Brute Force": {"precision": 0.15848214285714285, "recall": 0.9638009049773756, "f1-score": 0.2722044728434505, "support": 221.0}, "DoS Slowhttptest": {"precision": 0.8885057471264368, "recall": 0.985969387755102, "f1-score": 0.9347037484885127, "support": 784.0}, "Web Attack - Sql Injection": {"precision": 0.03125, "recall": 0.6666666666666666, "f1-score": 0.05970149253731343, "support": 3.0}, "Infiltration": {"precision": 0.0, "recall": 0.0, "f1-score": 0.0, "support": 6.0}, "Heartbleed": {"precision": 1.0, "recall": 1.0, "f1-score": 1.0, "support": 2.0}, "accuracy": {"precision": 0.9930699820802741, "recall": 0.9930699820802741, "f1-score": 0.9930699820802741, "support": 0.9930699820802741}, "macro avg": {"precision": 0.7376261568941824, "recall": 0.8054883194306073, "f1-score": 0.7180465072136462, "support": 378354.0}, "weighted avg": {"precision": 0.9956605543369392, "recall": 0.9930699820802741, "f1-score": 0.9941081647461193, "support": 378354.0}}