{"BENIGN": {"precision": 0.9998495224128007, "recall": 0.9978498519687442, "f1-score": 0.9988486863690431, "support": 419506.0}, "DDoS": {"precision": 0.999063853024925, "recall": 0.9998828856964397, "f1-score": 0.9994732015686887, "support": 25616.0}, "DoS Hulk": {"precision": 0.994675339626986, "recall": 0.999190447277879, "f1-score": 0.9969277812234065, "support": 34587.0}, "DoS GoldenEye": {"precision": 0.9889263360616274, "recall": 0.9975716367168529, "f1-score": 0.9932301740812379, "support": 2059.0}, "DoS Slowhttptest": {"precision": 0.9746954076850984, "recall": 0.994263862332696, "f1-score": 0.9843823946994794, "support": 1046.0}, "PortScan": {"precision": 0.9891517662450937, "recall": 0.9984592527375777, "f1-score": 0.9937837171728237, "support": 18173.0}, "DoS slowloris": {"precision": 0.9770009199632015, "recall": 0.9860724233983287, "f1-score": 0.9815157116451017, "support": 1077.0}, "FTP-Patator": {"precision": 1.0, "recall": 0.9991575400168492, "f1-score": 0.9995785924989464, "support": 1187.0}, "Bot": {"precision": 0.47661188369152974, "recall": 0.9641943734015346, "f1-score": 0.637901861252115, "support": 391.0}, "Web Attack - Brute Force": {"precision": 0.7426470588235294, "recall": 0.6870748299319728, "f1-score": 0.7137809187279152, "support": 294.0}, "SSH-Patator": {"precision": 1.0, "recall": 0.9968944099378882, "f1-score": 0.9984447900466563, "support": 644.0}, "Web Attack - XSS": {"precision": 0.35, "recall": 0.5343511450381679, "f1-score": 0.4229607250755287, "support": 131.0}, "Infiltration": {"precision": 1.0, "recall": 0.5714285714285714, "f1-score": 0.7272727272727273, "support": 7.0}, "Heartbleed": {"precision": 1.0, "recall": 1.0, "f1-score": 1.0, "support": 2.0}, "Web Attack - Sql Injection": {"precision": 0.5, "recall": 0.5, "f1-score": 0.5, "support": 4.0}, "accuracy": {"precision": 0.9976977516424819, "recall": 0.9976977516424819, "f1-score": 0.9976977516424819, "support": 0.9976977516424819}, "macro avg": {"precision": 0.8661748058356528, "recall": 0.8817594153255667, "f1-score": 0.8632067521089113, "support": 504724.0}, "weighted avg": {"precision": 0.9981972100059614, "recall": 0.9976977516424819, "f1-score": 0.9978748400460833, "support": 504724.0}}