{"BENIGN": {"precision": 0.9995768374164811, "recall": 0.9990301203286779, "f1-score": 0.9993034040956023, "support": 314472.0}, "DoS Hulk": {"precision": 0.997340937993757, "recall": 0.9981872179581132, "f1-score": 0.9977638985272573, "support": 25927.0}, "PortScan": {"precision": 0.9902962206332993, "recall": 0.9963297364750789, "f1-score": 0.9933038164587069, "support": 13623.0}, "DDoS": {"precision": 0.9998437744102484, "recall": 0.9998958441828976, "f1-score": 0.9998698086186695, "support": 19202.0}, "FTP-Patator": {"precision": 1.0, "recall": 0.998876404494382, "f1-score": 0.9994378864530635, "support": 890.0}, "DoS GoldenEye": {"precision": 0.9960988296488946, "recall": 0.9928710304601426, "f1-score": 0.9944823109380071, "support": 1543.0}, "DoS slowloris": {"precision": 0.9975124378109452, "recall": 0.9938042131350682, "f1-score": 0.9956548727498448, "support": 807.0}, "Bot": {"precision": 0.726063829787234, "recall": 0.931740614334471, "f1-score": 0.8161434977578476, "support": 293.0}, "SSH-Patator": {"precision": 1.0, "recall": 0.9958592132505176, "f1-score": 0.9979253112033195, "support": 483.0}, "Web Attack - XSS": {"precision": 0.4158415841584158, "recall": 0.42857142857142855, "f1-score": 0.4221105527638191, "support": 98.0}, "Web Attack - Brute Force": {"precision": 0.7454545454545455, "recall": 0.7420814479638009, "f1-score": 0.7437641723356009, "support": 221.0}, "DoS Slowhttptest": {"precision": 0.9948652118100129, "recall": 0.9885204081632653, "f1-score": 0.9916826615483045, "support": 784.0}, "Web Attack - Sql Injection": {"precision": 0.6666666666666666, "recall": 0.6666666666666666, "f1-score": 0.6666666666666666, "support": 3.0}, "Infiltration": {"precision": 1.0, "recall": 0.5, "f1-score": 0.6666666666666666, "support": 6.0}, "Heartbleed": {"precision": 1.0, "recall": 1.0, "f1-score": 1.0, "support": 2.0}, "accuracy": {"precision": 0.9984961173927063, "recall": 0.9984961173927063, "f1-score": 0.9984961173927063, "support": 0.9984961173927063}, "macro avg": {"precision": 0.9019707250526999, "recall": 0.8821622897323007, "f1-score": 0.8856517017855583, "support": 378354.0}, "weighted avg": {"precision": 0.998562122442882, "recall": 0.9984961173927063, "f1-score": 0.9985174411970692, "support": 378354.0}}