{"BENIGN": {"precision": 0.9998438779444142, "recall": 0.9978885242565316, "f1-score": 0.9988652441634877, "support": 314472.0}, "DoS Hulk": {"precision": 0.9935558112773303, "recall": 0.9990357542330389, "f1-score": 0.9962882473988884, "support": 25927.0}, "PortScan": {"precision": 0.9898857600232845, "recall": 0.99860529986053, "f1-score": 0.9942264123364759, "support": 13623.0}, "DDoS": {"precision": 0.9991153666024873, "recall": 0.9998958441828976, "f1-score": 0.9995054530310523, "support": 19202.0}, "FTP-Patator": {"precision": 0.9988776655443322, "recall": 1.0, "f1-score": 0.9994385176866929, "support": 890.0}, "DoS GoldenEye": {"precision": 0.9839948783610756, "recall": 0.9961114711600778, "f1-score": 0.9900161030595813, "support": 1543.0}, "DoS slowloris": {"precision": 0.9876084262701363, "recall": 0.9876084262701363, "f1-score": 0.9876084262701363, "support": 807.0}, "Bot": {"precision": 0.4912891986062718, "recall": 0.962457337883959, "f1-score": 0.6505190311418685, "support": 293.0}, "SSH-Patator": {"precision": 0.985655737704918, "recall": 0.9958592132505176, "f1-score": 0.9907312049433573, "support": 483.0}, "Web Attack - XSS": {"precision": 0.3969465648854962, "recall": 0.5306122448979592, "f1-score": 0.45414847161572053, "support": 98.0}, "Web Attack - Brute Force": {"precision": 0.7450980392156863, "recall": 0.6877828054298643, "f1-score": 0.7152941176470589, "support": 221.0}, "DoS Slowhttptest": {"precision": 0.9725, "recall": 0.9923469387755102, "f1-score": 0.9823232323232324, "support": 784.0}, "Web Attack - Sql Injection": {"precision": 0.4, "recall": 0.6666666666666666, "f1-score": 0.5, "support": 3.0}, "Infiltration": {"precision": 1.0, "recall": 0.5, "f1-score": 0.6666666666666666, "support": 6.0}, "Heartbleed": {"precision": 1.0, "recall": 1.0, "f1-score": 1.0, "support": 2.0}, "accuracy": {"precision": 0.9977164243010513, "recall": 0.9977164243010513, "f1-score": 0.9977164243010513, "support": 0.9977164243010513}, "macro avg": {"precision": 0.862958088429029, "recall": 0.8876580351245126, "f1-score": 0.8617087418856145, "support": 378354.0}, "weighted avg": {"precision": 0.9981461398277686, "recall": 0.9977164243010513, "f1-score": 0.9978650018699085, "support": 378354.0}}