{"BENIGN": {"precision": 0.9996881046949792, "recall": 0.9988488641278079, "f1-score": 0.9992683082013106, "support": 157236.0}, "DDoS": {"precision": 0.9997917100604041, "recall": 0.9998958441828976, "f1-score": 0.9998437744102484, "support": 9601.0}, "DoS Hulk": {"precision": 0.9965371296652559, "recall": 0.9989971457224408, "f1-score": 0.9977656213883966, "support": 12963.0}, "PortScan": {"precision": 0.9870639534883721, "recall": 0.9970635736308912, "f1-score": 0.9920385654809729, "support": 6811.0}, "Web Attack - Brute Force": {"precision": 0.7454545454545455, "recall": 0.7387387387387387, "f1-score": 0.7420814479638009, "support": 111.0}, "FTP-Patator": {"precision": 1.0, "recall": 0.9977528089887641, "f1-score": 0.9988751406074241, "support": 445.0}, "DoS GoldenEye": {"precision": 0.9986979166666666, "recall": 0.9948119325551232, "f1-score": 0.9967511371020142, "support": 771.0}, "DoS slowloris": {"precision": 0.995049504950495, "recall": 0.995049504950495, "f1-score": 0.995049504950495, "support": 404.0}, "Bot": {"precision": 0.7377049180327869, "recall": 0.9183673469387755, "f1-score": 0.8181818181818182, "support": 147.0}, "DoS Slowhttptest": {"precision": 0.9974489795918368, "recall": 0.9974489795918368, "f1-score": 0.9974489795918368, "support": 392.0}, "SSH-Patator": {"precision": 1.0, "recall": 0.991701244813278, "f1-score": 0.9958333333333333, "support": 241.0}, "Web Attack - XSS": {"precision": 0.40816326530612246, "recall": 0.40816326530612246, "f1-score": 0.40816326530612246, "support": 49.0}, "Web Attack - Sql Injection": {"precision": 0.6666666666666666, "recall": 1.0, "f1-score": 0.8, "support": 2.0}, "Infiltration": {"precision": 1.0, "recall": 1.0, "f1-score": 1.0, "support": 3.0}, "Heartbleed": {"precision": 1.0, "recall": 1.0, "f1-score": 1.0, "support": 1.0}, "accuracy": {"precision": 0.9984406138166901, "recall": 0.9984406138166901, "f1-score": 0.9984406138166901, "support": 0.9984406138166901}, "macro avg": {"precision": 0.9021511129718753, "recall": 0.9357892833031448, "f1-score": 0.9160867264345183, "support": 189177.0}, "weighted avg": {"precision": 0.9984960113636929, "recall": 0.9984406138166901, "f1-score": 0.9984590958288204, "support": 189177.0}}